configurations,generic format,exact frequency,google pixel format,exact frequencies,phone energy,phone power,workload,energy by workload
110331-1-2,[1- 1- 0- 3- 3- 1- 1- 0- 0- 2- 0- 0- 0],[576000- 576000- 0- 1804800- 1804800- 576000- 0- 0- 0- 1766400- 0- 0- 0],[1- 1- 0- 3- 3- 1- 1- 2],[576000- 576000- 0- 1804800- 1804800- 576000- 652800- 1766400],64.195799103128,1870.27221337168,887774000000,7.2311E-11
231322-1-0,[2- 3- 1- 3- 2- 2- 1- 0- 0- 0- 0- 0- 0],[1363200- 1804800- 576000- 1804800- 1363200- 1363200- 0- 0- 0- 0- 0- 0- 0],[2- 3- 1- 3- 2- 2- 1- 0],[1363200- 1804800- 576000- 1804800- 1363200- 1363200- 652800- 0],48.4114598927455,1442.18368563072,768047000000,6.30319E-11
203111-3-3,[2- 0- 3- 1- 1- 1- 3- 0- 0- 3- 0- 0- 0],[1363200- 0- 1804800- 576000- 576000- 576000- 0- 0- 0- 2400000- 0- 0- 0],[2- 0- 3- 1- 1- 1- 3- 3],[1363200- 0- 1804800- 576000- 576000- 576000- 2208000- 2400000],82.9156109905908,2370.44595570604,1124420000000,7.37408E-11
222211-3-3,[2- 2- 2- 2- 1- 1- 3- 0- 0- 3- 0- 0- 0],[1363200- 1363200- 1363200- 1363200- 576000- 576000- 0- 0- 0- 2400000- 0- 0- 0],[2- 2- 2- 2- 1- 1- 3- 3],[1363200- 1363200- 1363200- 1363200- 576000- 576000- 2208000- 2400000],100.207122447555,2815.56321728583,1264290000000,7.92596E-11
001213-3-1,[0- 0- 1- 2- 1- 3- 3- 0- 0- 1- 0- 0- 0],[0- 0- 576000- 1363200- 576000- 1804800- 0- 0- 0- 806400- 0- 0- 0],[0- 0- 1- 2- 1- 3- 3- 1],[0- 0- 576000- 1363200- 576000- 1804800- 2208000- 806400],82.9689480595376,2387.89201304909,1137720000000,7.29256E-11
033331-1-2,[0- 3- 3- 3- 3- 1- 1- 0- 0- 2- 0- 0- 0],[0- 1804800- 1804800- 1804800- 1804800- 576000- 0- 0- 0- 1766400- 0- 0- 0],[0- 3- 3- 3- 3- 1- 1- 2],[0- 1804800- 1804800- 1804800- 1804800- 576000- 652800- 1766400],64.6497062836685,1880.86289806615,888481000000,7.27643E-11
301032-1-2,[3- 0- 1- 0- 3- 2- 1- 0- 0- 2- 0- 0- 0],[1804800- 0- 576000- 0- 1804800- 1363200- 0- 0- 0- 1766400- 0- 0- 0],[3- 0- 1- 0- 3- 2- 1- 2],[1804800- 0- 576000- 0- 1804800- 1363200- 652800- 1766400],73.9118250482876,2126.96235327462,1063630000000,6.94902E-11
220030-2-2,[2- 2- 0- 0- 3- 0- 2- 0- 0- 2- 0- 0- 0],[1363200- 1363200- 0- 0- 1804800- 0- 0- 0- 0- 1766400- 0- 0- 0],[2- 2- 0- 0- 3- 0- 2- 2],[1363200- 1363200- 0- 0- 1804800- 0- 1478400- 1766400],72.9096660218277,2103.12260612319,1027130000000,7.09839E-11
221230-3-0,[2- 2- 1- 2- 3- 0- 3- 0- 0- 0- 0- 0- 0],[1363200- 1363200- 576000- 1363200- 1804800- 0- 0- 0- 0- 0- 0- 0- 0],[2- 2- 1- 2- 3- 0- 3- 0],[1363200- 1363200- 576000- 1363200- 1804800- 0- 2208000- 0],58.2884375590111,1697.69138927978,727308000000,8.01427E-11
323210-1-0,[3- 2- 3- 2- 1- 0- 1- 0- 0- 0- 0- 0- 0],[1804800- 1363200- 1804800- 1363200- 576000- 0- 0- 0- 0- 0- 0- 0- 0],[3- 2- 3- 2- 1- 0- 1- 0],[1804800- 1363200- 1804800- 1363200- 576000- 0- 652800- 0],32.3869731002721,983.335465202881,385836000000,8.39397E-11
110321-0-0,[1- 1- 0- 3- 2- 1- 0- 0- 0- 0- 0- 0- 0],[576000- 576000- 0- 1804800- 1363200- 576000- 0- 0- 0- 0- 0- 0- 0],[1- 1- 0- 3- 2- 1- 0- 0],[576000- 576000- 0- 1804800- 1363200- 576000- 0- 0],26.7121133566337,809.085756656435,207423000000,1.28781E-10
102232-0-2,[1- 0- 2- 2- 3- 2- 0- 0- 0- 2- 0- 0- 0],[576000- 0- 1363200- 1363200- 1804800- 1363200- 0- 0- 0- 1766400- 0- 0- 0],[1- 0- 2- 2- 3- 2- 0- 2],[576000- 0- 1363200- 1363200- 1804800- 1363200- 0- 1766400],65.8277383833758,1937.36044398195,988207000000,6.66133E-11
231113-1-1,[2- 3- 1- 1- 1- 3- 1- 0- 0- 1- 0- 0- 0],[1363200- 1804800- 576000- 576000- 576000- 1804800- 0- 0- 0- 806400- 0- 0- 0],[2- 3- 1- 1- 1- 3- 1- 1],[1363200- 1804800- 576000- 576000- 576000- 1804800- 652800- 806400],79.3851939063441,2275.0068767092,1194980000000,6.64322E-11
121010-3-1,[1- 2- 1- 0- 1- 0- 3- 0- 0- 1- 0- 0- 0],[576000- 1363200- 576000- 0- 576000- 0- 0- 0- 0- 806400- 0- 0- 0],[1- 2- 1- 0- 1- 0- 3- 1],[576000- 1363200- 576000- 0- 576000- 0- 2208000- 806400],70.2667978545078,2027.02256037143,898390000000,7.82141E-11
311021-1-3,[3- 1- 1- 0- 2- 1- 1- 0- 0- 3- 0- 0- 0],[1804800- 576000- 576000- 0- 1363200- 576000- 0- 0- 0- 2400000- 0- 0- 0],[3- 1- 1- 0- 2- 1- 1- 3],[1804800- 576000- 576000- 0- 1363200- 576000- 652800- 2400000],81.3667303591789,2322.68084468145,968465000000,8.40162E-11
101123-0-3,[1- 0- 1- 1- 2- 3- 0- 0- 0- 3- 0- 0- 0],[576000- 0- 576000- 576000- 1363200- 1804800- 0- 0- 0- 2400000- 0- 0- 0],[1- 0- 1- 1- 2- 3- 0- 3],[576000- 0- 576000- 576000- 1363200- 1804800- 0- 2400000],83.5550372075793,2400.84690966198,1092070000000,7.65107E-11
033033-1-1,[0- 3- 3- 0- 3- 3- 1- 0- 0- 1- 0- 0- 0],[0- 1804800- 1804800- 0- 1804800- 1804800- 0- 0- 0- 806400- 0- 0- 0],[0- 3- 3- 0- 3- 3- 1- 1],[0- 1804800- 1804800- 0- 1804800- 1804800- 652800- 806400],65.4051401275013,1917.99172614488,930263000000,7.03082E-11
323111-3-1,[3- 2- 3- 1- 1- 1- 3- 0- 0- 1- 0- 0- 0],[1804800- 1363200- 1804800- 576000- 576000- 576000- 0- 0- 0- 806400- 0- 0- 0],[3- 2- 3- 1- 1- 1- 3- 1],[1804800- 1363200- 1804800- 576000- 576000- 576000- 2208000- 806400],71.6230294037093,2102.50506161077,979622000000,7.31129E-11
231332-2-3,[2- 3- 1- 3- 3- 2- 2- 0- 0- 3- 0- 0- 0],[1363200- 1804800- 576000- 1804800- 1804800- 1363200- 0- 0- 0- 2400000- 0- 0- 0],[2- 3- 1- 3- 3- 2- 2- 3],[1363200- 1804800- 576000- 1804800- 1804800- 1363200- 1478400- 2400000],102.719273058889,2883.50279639025,1520280000000,6.7566E-11
121113-1-3,[1- 2- 1- 1- 1- 3- 1- 0- 0- 3- 0- 0- 0],[576000- 1363200- 576000- 576000- 576000- 1804800- 0- 0- 0- 2400000- 0- 0- 0],[1- 2- 1- 1- 1- 3- 1- 3],[576000- 1363200- 576000- 576000- 576000- 1804800- 652800- 2400000],91.8755525545871,2608.88945358657,1334240000000,6.88598E-11
012010-2-1,[0- 1- 2- 0- 1- 0- 2- 0- 0- 1- 0- 0- 0],[0- 576000- 1363200- 0- 576000- 0- 0- 0- 0- 806400- 0- 0- 0],[0- 1- 2- 0- 1- 0- 2- 1],[0- 576000- 1363200- 0- 576000- 0- 1478400- 806400],54.7592147928153,1604.63609091677,743914000000,7.36096E-11
213113-3-3,[2- 1- 3- 1- 1- 3- 3- 0- 0- 3- 0- 0- 0],[1363200- 576000- 1804800- 576000- 576000- 1804800- 0- 0- 0- 2400000- 0- 0- 0],[2- 1- 3- 1- 1- 3- 3- 3],[1363200- 576000- 1804800- 576000- 576000- 1804800- 2208000- 2400000],103.605542776513,2902.91249278236,1585470000000,6.53469E-11
110030-0-1,[1- 1- 0- 0- 3- 0- 0- 0- 0- 1- 0- 0- 0],[576000- 576000- 0- 0- 1804800- 0- 0- 0- 0- 806400- 0- 0- 0],[1- 1- 0- 0- 3- 0- 0- 1],[576000- 576000- 0- 0- 1804800- 0- 0- 806400],34.2448289317877,1015.17835728213,340358000000,1.00614E-10
113131-2-3,[1- 1- 3- 1- 3- 1- 2- 0- 0- 3- 0- 0- 0],[576000- 576000- 1804800- 576000- 1804800- 576000- 0- 0- 0- 2400000- 0- 0- 0],[1- 1- 3- 1- 3- 1- 2- 3],[576000- 576000- 1804800- 576000- 1804800- 576000- 1478400- 2400000],96.2036865454932,2724.73766457732,1219380000000,7.88956E-11
312331-2-2,[3- 1- 2- 3- 3- 1- 2- 0- 0- 2- 0- 0- 0],[1804800- 576000- 1363200- 1804800- 1804800- 576000- 0- 0- 0- 1766400- 0- 0- 0],[3- 1- 2- 3- 3- 1- 2- 2],[1804800- 576000- 1363200- 1804800- 1804800- 576000- 1478400- 1766400],72.979973067832,2101.56054771559,1156550000000,6.31014E-11
033333-0-2,[0- 3- 3- 3- 3- 3- 0- 0- 0- 2- 0- 0- 0],[0- 1804800- 1804800- 1804800- 1804800- 1804800- 0- 0- 0- 1766400- 0- 0- 0],[0- 3- 3- 3- 3- 3- 0- 2],[0- 1804800- 1804800- 1804800- 1804800- 1804800- 0- 1766400],86.2801902841026,2479.16965493647,1160190000000,7.43673E-11
013210-1-1,[0- 1- 3- 2- 1- 0- 1- 0- 0- 1- 0- 0- 0],[0- 576000- 1804800- 1363200- 576000- 0- 0- 0- 0- 806400- 0- 0- 0],[0- 1- 3- 2- 1- 0- 1- 1],[0- 576000- 1804800- 1363200- 576000- 0- 652800- 806400],39.2183051603058,1161.33586277289,564900000000,6.94252E-11
223033-0-0,[2- 2- 3- 0- 3- 3- 0- 0- 0- 0- 0- 0- 0],[1363200- 1363200- 1804800- 0- 1804800- 1804800- 0- 0- 0- 0- 0- 0- 0],[2- 2- 3- 0- 3- 3- 0- 0],[1363200- 1363200- 1804800- 0- 1804800- 1804800- 0- 0],55.6549041743458,1645.80870241519,658846000000,8.44733E-11
001200-2-2,[0- 0- 1- 2- 0- 0- 2- 0- 0- 2- 0- 0- 0],[0- 0- 576000- 1363200- 0- 0- 0- 0- 0- 1766400- 0- 0- 0],[0- 0- 1- 2- 0- 0- 2- 2],[0- 0- 576000- 1363200- 0- 0- 1478400- 1766400],70.0078582686629,2024.0442334743,972109000000,7.20165E-11
013210-3-1,[0- 1- 3- 2- 1- 0- 3- 0- 0- 1- 0- 0- 0],[0- 576000- 1804800- 1363200- 576000- 0- 0- 0- 0- 806400- 0- 0- 0],[0- 1- 3- 2- 1- 0- 3- 1],[0- 576000- 1804800- 1363200- 576000- 0- 2208000- 806400],79.1921814190437,2285.78262097144,940710000000,8.41834E-11
300102-3-0,[3- 0- 0- 1- 0- 2- 3- 0- 0- 0- 0- 0- 0],[1804800- 0- 0- 576000- 0- 1363200- 0- 0- 0- 0- 0- 0- 0],[3- 0- 0- 1- 0- 2- 3- 0],[1804800- 0- 0- 576000- 0- 1363200- 2208000- 0],65.7590425822352,1919.52303565257,813702000000,8.08147E-11
211331-0-2,[2- 1- 1- 3- 3- 1- 0- 0- 0- 2- 0- 0- 0],[1363200- 576000- 576000- 1804800- 1804800- 576000- 0- 0- 0- 1766400- 0- 0- 0],[2- 1- 1- 3- 3- 1- 0- 2],[1363200- 576000- 576000- 1804800- 1804800- 576000- 0- 1766400],56.046315848522,1640.68698477595,752107000000,7.45191E-11
230023-3-0,[2- 3- 0- 0- 2- 3- 3- 0- 0- 0- 0- 0- 0],[1363200- 1804800- 0- 0- 1363200- 1804800- 0- 0- 0- 0- 0- 0- 0],[2- 3- 0- 0- 2- 3- 3- 0],[1363200- 1804800- 0- 0- 1363200- 1804800- 2208000- 0],83.5387640803202,2402.35158644902,1051920000000,7.94155E-11
212202-2-1,[2- 1- 2- 2- 0- 2- 2- 0- 0- 1- 0- 0- 0],[1363200- 576000- 1363200- 1363200- 0- 1363200- 0- 0- 0- 806400- 0- 0- 0],[2- 1- 2- 2- 0- 2- 2- 1],[1363200- 576000- 1363200- 1363200- 0- 1363200- 1478400- 806400],70.0487654332769,2030.08258217072,1135860000000,6.16702E-11
010023-0-1,[0- 1- 0- 0- 2- 3- 0- 0- 0- 1- 0- 0- 0],[0- 576000- 0- 0- 1363200- 1804800- 0- 0- 0- 806400- 0- 0- 0],[0- 1- 0- 0- 2- 3- 0- 1],[0- 576000- 0- 0- 1363200- 1804800- 0- 806400],52.6346324100534,1553.81893903511,610977000000,8.61483E-11
012112-2-0,[0- 1- 2- 1- 1- 2- 2- 0- 0- 0- 0- 0- 0],[0- 576000- 1363200- 576000- 576000- 1363200- 0- 0- 0- 0- 0- 0- 0],[0- 1- 2- 1- 1- 2- 2- 0],[0- 576000- 1363200- 576000- 576000- 1363200- 1478400- 0],57.2873551037916,1681.14102018075,901273000000,6.35627E-11
303122-3-1,[3- 0- 3- 1- 2- 2- 3- 0- 0- 1- 0- 0- 0],[1804800- 0- 1804800- 576000- 1363200- 1363200- 0- 0- 0- 806400- 0- 0- 0],[3- 0- 3- 1- 2- 2- 3- 1],[1804800- 0- 1804800- 576000- 1363200- 1363200- 2208000- 806400],87.1615988005907,2488.12104456201,1230950000000,7.08084E-11
332113-2-2,[3- 3- 2- 1- 1- 3- 2- 0- 0- 2- 0- 0- 0],[1804800- 1804800- 1363200- 576000- 576000- 1804800- 0- 0- 0- 1766400- 0- 0- 0],[3- 3- 2- 1- 1- 3- 2- 2],[1804800- 1804800- 1363200- 576000- 576000- 1804800- 1478400- 1766400],102.945501098208,2894.90136313869,1567090000000,6.56921E-11
322231-2-1,[3- 2- 2- 2- 3- 1- 2- 0- 0- 1- 0- 0- 0],[1804800- 1363200- 1363200- 1363200- 1804800- 576000- 0- 0- 0- 806400- 0- 0- 0],[3- 2- 2- 2- 3- 1- 2- 1],[1804800- 1363200- 1363200- 1363200- 1804800- 576000- 1478400- 806400],58.6922029582491,1711.06751069328,880803000000,6.66349E-11
103311-2-1,[1- 0- 3- 3- 1- 1- 2- 0- 0- 1- 0- 0- 0],[576000- 0- 1804800- 1804800- 576000- 576000- 0- 0- 0- 806400- 0- 0- 0],[1- 0- 3- 3- 1- 1- 2- 1],[576000- 0- 1804800- 1804800- 576000- 576000- 1478400- 806400],57.3205072294823,1685.70755018442,847131000000,6.76643E-11
100110-0-2,[1- 0- 0- 1- 1- 0- 0- 0- 0- 2- 0- 0- 0],[576000- 0- 0- 576000- 576000- 0- 0- 0- 0- 1766400- 0- 0- 0],[1- 0- 0- 1- 1- 0- 0- 2],[576000- 0- 0- 576000- 576000- 0- 0- 1766400],51.630790443296,1528.04381309481,603622000000,8.5535E-11
212300-1-2,[2- 1- 2- 3- 0- 0- 1- 0- 0- 2- 0- 0- 0],[1363200- 576000- 1363200- 1804800- 0- 0- 0- 0- 0- 1766400- 0- 0- 0],[2- 1- 2- 3- 0- 0- 1- 2],[1363200- 576000- 1363200- 1804800- 0- 0- 652800- 1766400],62.9526389384084,1833.10211178646,841124000000,7.48435E-11
000300-2-3,[0- 0- 0- 3- 0- 0- 2- 0- 0- 3- 0- 0- 0],[0- 0- 0- 1804800- 0- 0- 0- 0- 0- 2400000- 0- 0- 0],[0- 0- 0- 3- 0- 0- 2- 3],[0- 0- 0- 1804800- 0- 0- 1478400- 2400000],90.2662722413003,2565.13281505654,998659000000,9.03875E-11
030310-0-2,[0- 3- 0- 3- 1- 0- 0- 0- 0- 2- 0- 0- 0],[0- 1804800- 0- 1804800- 576000- 0- 0- 0- 0- 1766400- 0- 0- 0],[0- 3- 0- 3- 1- 0- 0- 2],[0- 1804800- 0- 1804800- 576000- 0- 0- 1766400],52.6902862777189,1546.22117763269,611588000000,8.61532E-11
331220-1-2,[3- 3- 1- 2- 2- 0- 1- 0- 0- 2- 0- 0- 0],[1804800- 1804800- 576000- 1363200- 1363200- 0- 0- 0- 0- 1766400- 0- 0- 0],[3- 3- 1- 2- 2- 0- 1- 2],[1804800- 1804800- 576000- 1363200- 1363200- 0- 652800- 1766400],64.6001284096528,1877.82946371119,889727000000,7.26067E-11
233212-0-1,[2- 3- 3- 2- 1- 2- 0- 0- 0- 1- 0- 0- 0],[1363200- 1804800- 1804800- 1363200- 576000- 1363200- 0- 0- 0- 806400- 0- 0- 0],[2- 3- 3- 2- 1- 2- 0- 1],[1363200- 1804800- 1804800- 1363200- 576000- 1363200- 0- 806400],52.1245882760953,1531.43386542136,816621000000,6.38296E-11
310233-0-1,[3- 1- 0- 2- 3- 3- 0- 0- 0- 1- 0- 0- 0],[1804800- 576000- 0- 1363200- 1804800- 1804800- 0- 0- 0- 806400- 0- 0- 0],[3- 1- 0- 2- 3- 3- 0- 1],[1804800- 576000- 0- 1363200- 1804800- 1804800- 0- 806400],65.8461101285994,1928.85601521739,885729000000,7.43411E-11
031030-0-3,[0- 3- 1- 0- 3- 0- 0- 0- 0- 3- 0- 0- 0],[0- 1804800- 576000- 0- 1804800- 0- 0- 0- 0- 2400000- 0- 0- 0],[0- 3- 1- 0- 3- 0- 0- 3],[0- 1804800- 576000- 0- 1804800- 0- 0- 2400000],67.1483257685157,1943.78292174215,698028000000,9.61972E-11
031130-0-0,[0- 3- 1- 1- 3- 0- 0- 0- 0- 0- 0- 0- 0],[0- 1804800- 576000- 576000- 1804800- 0- 0- 0- 0- 0- 0- 0- 0],[0- 3- 1- 1- 3- 0- 0- 0],[0- 1804800- 576000- 576000- 1804800- 0- 0- 0],26.7184846004408,800.836388138237,163295000000,1.63621E-10
101033-2-2,[1- 0- 1- 0- 3- 3- 2- 0- 0- 2- 0- 0- 0],[576000- 0- 576000- 0- 1804800- 1804800- 0- 0- 0- 1766400- 0- 0- 0],[1- 0- 1- 0- 3- 3- 2- 2],[576000- 0- 576000- 0- 1804800- 1804800- 1478400- 1766400],99.1199512733933,2791.58802523125,1392390000000,7.11869E-11
101312-2-1,[1- 0- 1- 3- 1- 2- 2- 0- 0- 1- 0- 0- 0],[576000- 0- 576000- 1804800- 576000- 1363200- 0- 0- 0- 806400- 0- 0- 0],[1- 0- 1- 3- 1- 2- 2- 1],[576000- 0- 576000- 1804800- 576000- 1363200- 1478400- 806400],71.5812859564726,2061.58217530693,1122870000000,6.37485E-11
212211-1-2,[2- 1- 2- 2- 1- 1- 1- 0- 0- 2- 0- 0- 0],[1363200- 576000- 1363200- 1363200- 576000- 576000- 0- 0- 0- 1766400- 0- 0- 0],[2- 1- 2- 2- 1- 1- 1- 2],[1363200- 576000- 1363200- 1363200- 576000- 576000- 652800- 1766400],66.3842172994299,1910.09080494196,918121000000,7.23044E-11
103012-3-3,[1- 0- 3- 0- 1- 2- 3- 0- 0- 3- 0- 0- 0],[576000- 0- 1804800- 0- 576000- 1363200- 0- 0- 0- 2400000- 0- 0- 0],[1- 0- 3- 0- 1- 2- 3- 3],[576000- 0- 1804800- 0- 576000- 1363200- 2208000- 2400000],90.7376428641244,2577.66725877269,1277590000000,7.10225E-11
101300-3-3,[1- 0- 1- 3- 0- 0- 3- 0- 0- 3- 0- 0- 0],[576000- 0- 576000- 1804800- 0- 0- 0- 0- 0- 2400000- 0- 0- 0],[1- 0- 1- 3- 0- 0- 3- 3],[576000- 0- 576000- 1804800- 0- 0- 2208000- 2400000],75.3849371705881,2175.34856199377,928850000000,8.11594E-11
220213-3-0,[2- 2- 0- 2- 1- 3- 3- 0- 0- 0- 0- 0- 0],[1363200- 1363200- 0- 1363200- 576000- 1804800- 0- 0- 0- 0- 0- 0- 0],[2- 2- 0- 2- 1- 3- 3- 0],[1363200- 1363200- 0- 1363200- 576000- 1804800- 2208000- 0],69.1154876227722,2003.34695779363,1002220000000,6.89624E-11
221013-2-1,[2- 2- 1- 0- 1- 3- 2- 0- 0- 1- 0- 0- 0],[1363200- 1363200- 576000- 0- 576000- 1804800- 0- 0- 0- 806400- 0- 0- 0],[2- 2- 1- 0- 1- 3- 2- 1],[1363200- 1363200- 576000- 0- 576000- 1804800- 1478400- 806400],79.5378105979585,2284.63404237756,1198670000000,6.63551E-11
223020-1-0,[2- 2- 3- 0- 2- 0- 1- 0- 0- 0- 0- 0- 0],[1363200- 1363200- 1804800- 0- 1363200- 0- 0- 0- 0- 0- 0- 0- 0],[2- 2- 3- 0- 2- 0- 1- 0],[1363200- 1363200- 1804800- 0- 1363200- 0- 652800- 0],32.3911267160719,972.157094387194,340610000000,9.50974E-11
201133-0-3,[2- 0- 1- 1- 3- 3- 0- 0- 0- 3- 0- 0- 0],[1363200- 0- 576000- 576000- 1804800- 1804800- 0- 0- 0- 2400000- 0- 0- 0],[2- 0- 1- 1- 3- 3- 0- 3],[1363200- 0- 576000- 576000- 1804800- 1804800- 0- 2400000],86.4225033041374,2480.74125598788,1109700000000,7.78792E-11
111202-3-1,[1- 1- 1- 2- 0- 2- 3- 0- 0- 1- 0- 0- 0],[576000- 576000- 576000- 1363200- 0- 1363200- 0- 0- 0- 806400- 0- 0- 0],[1- 1- 1- 2- 0- 2- 3- 1],[576000- 576000- 576000- 1363200- 0- 1363200- 2208000- 806400],77.6142915980758,2223.75481515976,1173790000000,6.61228E-11
311111-2-3,[3- 1- 1- 1- 1- 1- 2- 0- 0- 3- 0- 0- 0],[1804800- 576000- 576000- 576000- 576000- 576000- 0- 0- 0- 2400000- 0- 0- 0],[3- 1- 1- 1- 1- 1- 2- 3],[1804800- 576000- 576000- 576000- 576000- 576000- 1478400- 2400000],80.579674343825,2304.09668122715,1148220000000,7.01779E-11
212221-1-3,[2- 1- 2- 2- 2- 1- 1- 0- 0- 3- 0- 0- 0],[1363200- 576000- 1363200- 1363200- 1363200- 576000- 0- 0- 0- 2400000- 0- 0- 0],[2- 1- 2- 2- 2- 1- 1- 3],[1363200- 576000- 1363200- 1363200- 1363200- 576000- 652800- 2400000],71.2294033945321,2051.42727541455,942341000000,7.55877E-11
121310-1-0,[1- 2- 1- 3- 1- 0- 1- 0- 0- 0- 0- 0- 0],[576000- 1363200- 576000- 1804800- 576000- 0- 0- 0- 0- 0- 0- 0- 0],[1- 2- 1- 3- 1- 0- 1- 0],[576000- 1363200- 576000- 1804800- 576000- 0- 652800- 0],33.5555977111976,1008.27016173545,384524000000,8.72653E-11
133032-0-3,[1- 3- 3- 0- 3- 2- 0- 0- 0- 3- 0- 0- 0],[576000- 1804800- 1804800- 0- 1804800- 1363200- 0- 0- 0- 2400000- 0- 0- 0],[1- 3- 3- 0- 3- 2- 0- 3],[576000- 1804800- 1804800- 0- 1804800- 1363200- 0- 2400000],78.8740772526803,2267.8568071095,1050630000000,7.50731E-11
310020-0-3,[3- 1- 0- 0- 2- 0- 0- 0- 0- 3- 0- 0- 0],[1804800- 576000- 0- 0- 1363200- 0- 0- 0- 0- 2400000- 0- 0- 0],[3- 1- 0- 0- 2- 0- 0- 3],[1804800- 576000- 0- 0- 1363200- 0- 0- 2400000],63.3690752564047,1829.75861327323,677060000000,9.35945E-11
022230-3-2,[0- 2- 2- 2- 3- 0- 3- 0- 0- 2- 0- 0- 0],[0- 1363200- 1363200- 1363200- 1804800- 0- 0- 0- 0- 1766400- 0- 0- 0],[0- 2- 2- 2- 3- 0- 3- 2],[0- 1363200- 1363200- 1363200- 1804800- 0- 2208000- 1766400],79.7127969833484,2290.15074169285,1097340000000,7.26418E-11
222111-2-0,[2- 2- 2- 1- 1- 1- 2- 0- 0- 0- 0- 0- 0],[1363200- 1363200- 1363200- 576000- 576000- 576000- 0- 0- 0- 0- 0- 0- 0],[2- 2- 2- 1- 1- 1- 2- 0],[1363200- 1363200- 1363200- 576000- 576000- 576000- 1478400- 0],46.3133982052407,1387.10443358709,669726000000,6.91528E-11
333201-1-1,[3- 3- 3- 2- 0- 1- 1- 0- 0- 1- 0- 0- 0],[1804800- 1804800- 1804800- 1363200- 0- 576000- 0- 0- 0- 806400- 0- 0- 0],[3- 3- 3- 2- 0- 1- 1- 1],[1804800- 1804800- 1804800- 1363200- 0- 576000- 652800- 806400],41.1716606409971,1226.37855642177,602738000000,6.83077E-11
333331-2-3,[3- 3- 3- 3- 3- 1- 2- 0- 0- 3- 0- 0- 0],[1804800- 1804800- 1804800- 1804800- 1804800- 576000- 0- 0- 0- 2400000- 0- 0- 0],[3- 3- 3- 3- 3- 1- 2- 3],[1804800- 1804800- 1804800- 1804800- 1804800- 576000- 1478400- 2400000],84.3646166621502,2404.68667801514,1166140000000,7.23452E-11
223300-1-0,[2- 2- 3- 3- 0- 0- 1- 0- 0- 0- 0- 0- 0],[1363200- 1363200- 1804800- 1804800- 0- 0- 0- 0- 0- 0- 0- 0- 0],[2- 2- 3- 3- 0- 0- 1- 0],[1363200- 1363200- 1804800- 1804800- 0- 0- 652800- 0],32.1859127423429,970.219892749496,340653000000,9.4483E-11
222021-0-0,[2- 2- 2- 0- 2- 1- 0- 0- 0- 0- 0- 0- 0],[1363200- 1363200- 1363200- 0- 1363200- 576000- 0- 0- 0- 0- 0- 0- 0],[2- 2- 2- 0- 2- 1- 0- 0],[1363200- 1363200- 1363200- 0- 1363200- 576000- 0- 0],28.6387646642511,860.523725575247,206752000000,1.38517E-10
120302-1-1,[1- 2- 0- 3- 0- 2- 1- 0- 0- 1- 0- 0- 0],[576000- 1363200- 0- 1804800- 0- 1363200- 0- 0- 0- 806400- 0- 0- 0],[1- 2- 0- 3- 0- 2- 1- 1],[576000- 1363200- 0- 1804800- 0- 1363200- 652800- 806400],50.3428670012474,1487.9371518763,788934000000,6.38113E-11
031023-3-2,[0- 3- 1- 0- 2- 3- 3- 0- 0- 2- 0- 0- 0],[0- 1804800- 576000- 0- 1363200- 1804800- 0- 0- 0- 1766400- 0- 0- 0],[0- 3- 1- 0- 2- 3- 3- 2],[0- 1804800- 576000- 0- 1363200- 1804800- 2208000- 1766400],92.8249833568298,2613.63629230786,1309170000000,7.09037E-11
022202-0-0,[0- 2- 2- 2- 0- 2- 0- 0- 0- 0- 0- 0- 0],[0- 1363200- 1363200- 1363200- 0- 1363200- 0- 0- 0- 0- 0- 0- 0],[0- 2- 2- 2- 0- 2- 0- 0],[0- 1363200- 1363200- 1363200- 0- 1363200- 0- 0],35.8868812091206,1079.99658847123,390812000000,9.18265E-11
031033-1-0,[0- 3- 1- 0- 3- 3- 1- 0- 0- 0- 0- 0- 0],[0- 1804800- 576000- 0- 1804800- 1804800- 0- 0- 0- 0- 0- 0- 0],[0- 3- 1- 0- 3- 3- 1- 0],[0- 1804800- 576000- 0- 1804800- 1804800- 652800- 0],57.5281823764323,1702.41208551111,703011000000,8.18311E-11
002133-2-3,[0- 0- 2- 1- 3- 3- 2- 0- 0- 3- 0- 0- 0],[0- 0- 1363200- 576000- 1804800- 1804800- 0- 0- 0- 2400000- 0- 0- 0],[0- 0- 2- 1- 3- 3- 2- 3],[0- 0- 1363200- 576000- 1804800- 1804800- 1478400- 2400000],84.9404936835098,2431.03853475106,1227070000000,6.92222E-11
312022-1-0,[3- 1- 2- 0- 2- 2- 1- 0- 0- 0- 0- 0- 0],[1804800- 576000- 1363200- 0- 1363200- 1363200- 0- 0- 0- 0- 0- 0- 0],[3- 1- 2- 0- 2- 2- 1- 0],[1804800- 576000- 1363200- 0- 1363200- 1363200- 652800- 0],45.2436589650941,1346.10417223597,668619000000,6.76673E-11
021113-1-2,[0- 2- 1- 1- 1- 3- 1- 0- 0- 2- 0- 0- 0],[0- 1363200- 576000- 576000- 576000- 1804800- 0- 0- 0- 1766400- 0- 0- 0],[0- 2- 1- 1- 1- 3- 1- 2],[0- 1363200- 576000- 576000- 576000- 1804800- 652800- 1766400],82.6335756822963,2360.75601055871,1182760000000,6.9865E-11
100000-0-2,[1- 0- 0- 0- 0- 0- 0- 0- 0- 2- 0- 0- 0],[576000- 0- 0- 0- 0- 0- 0- 0- 0- 1766400- 0- 0- 0],[1- 0- 0- 0- 0- 0- 0- 2],[576000- 0- 0- 0- 0- 0- 0- 1766400],50.7096930689716,1489.93256104484,510917000000,9.92523E-11
121232-2-3,[1- 2- 1- 2- 3- 2- 2- 0- 0- 3- 0- 0- 0],[576000- 1363200- 576000- 1363200- 1804800- 1363200- 0- 0- 0- 2400000- 0- 0- 0],[1- 2- 1- 2- 3- 2- 2- 3],[576000- 1363200- 576000- 1363200- 1804800- 1363200- 1478400- 2400000],81.9077463484616,2344.15495135048,1296140000000,6.31936E-11
303132-0-2,[3- 0- 3- 1- 3- 2- 0- 0- 0- 2- 0- 0- 0],[1804800- 0- 1804800- 576000- 1804800- 1363200- 0- 0- 0- 1766400- 0- 0- 0],[3- 0- 3- 1- 3- 2- 0- 2],[1804800- 0- 1804800- 576000- 1804800- 1363200- 0- 1766400],69.5925937545452,2025.437864081,983338000000,7.07718E-11
331303-2-1,[3- 3- 1- 3- 0- 3- 2- 0- 0- 1- 0- 0- 0],[1804800- 1804800- 576000- 1804800- 0- 1804800- 0- 0- 0- 806400- 0- 0- 0],[3- 3- 1- 3- 0- 3- 2- 1],[1804800- 1804800- 576000- 1804800- 0- 1804800- 1478400- 806400],74.9625159265616,2166.24340849203,1135690000000,6.60061E-11
303323-2-0,[3- 0- 3- 3- 2- 3- 2- 0- 0- 0- 0- 0- 0],[1804800- 0- 1804800- 1804800- 1363200- 1804800- 0- 0- 0- 0- 0- 0- 0],[3- 0- 3- 3- 2- 3- 2- 0],[1804800- 0- 1804800- 1804800- 1363200- 1804800- 1478400- 0],59.6329403677947,1732.10454448323,904021000000,6.59641E-11
210320-1-2,[2- 1- 0- 3- 2- 0- 1- 0- 0- 2- 0- 0- 0],[1363200- 576000- 0- 1804800- 1363200- 0- 0- 0- 0- 1766400- 0- 0- 0],[2- 1- 0- 3- 2- 0- 1- 2],[1363200- 576000- 0- 1804800- 1363200- 0- 652800- 1766400],64.768131410946,1886.11244657427,840461000000,7.70626E-11
122220-2-3,[1- 2- 2- 2- 2- 0- 2- 0- 0- 3- 0- 0- 0],[576000- 1363200- 1363200- 1363200- 1363200- 0- 0- 0- 0- 2400000- 0- 0- 0],[1- 2- 2- 2- 2- 0- 2- 3],[576000- 1363200- 1363200- 1363200- 1363200- 0- 1478400- 2400000],79.5738884766809,2279.01909909133,1118250000000,7.11593E-11
231021-3-3,[2- 3- 1- 0- 2- 1- 3- 0- 0- 3- 0- 0- 0],[1363200- 1804800- 576000- 0- 1363200- 576000- 0- 0- 0- 2400000- 0- 0- 0],[2- 3- 1- 0- 2- 1- 3- 3],[1363200- 1804800- 576000- 0- 1363200- 576000- 2208000- 2400000],77.6473695933206,2229.09359288995,1111960000000,6.98293E-11
310302-1-2,[3- 1- 0- 3- 0- 2- 1- 0- 0- 2- 0- 0- 0],[1804800- 576000- 0- 1804800- 0- 1363200- 0- 0- 0- 1766400- 0- 0- 0],[3- 1- 0- 3- 0- 2- 1- 2],[1804800- 576000- 0- 1804800- 0- 1363200- 652800- 1766400],75.6785562491319,2184.85849450219,1068880000000,7.08017E-11
331220-0-1,[3- 3- 1- 2- 2- 0- 0- 0- 0- 1- 0- 0- 0],[1804800- 1804800- 576000- 1363200- 1363200- 0- 0- 0- 0- 806400- 0- 0- 0],[3- 3- 1- 2- 2- 0- 0- 1],[1804800- 1804800- 576000- 1363200- 1363200- 0- 0- 806400],36.9581904467489,1104.71471486871,433988000000,8.51595E-11
312321-1-0,[3- 1- 2- 3- 2- 1- 1- 0- 0- 0- 0- 0- 0],[1804800- 576000- 1363200- 1804800- 1363200- 576000- 0- 0- 0- 0- 0- 0- 0],[3- 1- 2- 3- 2- 1- 1- 0],[1804800- 576000- 1363200- 1804800- 1363200- 576000- 652800- 0],34.5550819751672,1050.42967499237,429951000000,8.03698E-11
023300-2-1,[0- 2- 3- 3- 0- 0- 2- 0- 0- 1- 0- 0- 0],[0- 1363200- 1804800- 1804800- 0- 0- 0- 0- 0- 806400- 0- 0- 0],[0- 2- 3- 3- 0- 0- 2- 1],[0- 1363200- 1804800- 1804800- 0- 0- 1478400- 806400],55.1474477747145,1626.33930390567,755228000000,7.30209E-11
331312-0-2,[3- 3- 1- 3- 1- 2- 0- 0- 0- 2- 0- 0- 0],[1804800- 1804800- 576000- 1804800- 576000- 1363200- 0- 0- 0- 1766400- 0- 0- 0],[3- 3- 1- 3- 1- 2- 0- 2],[1804800- 1804800- 576000- 1804800- 576000- 1363200- 0- 1766400],72.3253528074643,2088.15508296704,1092930000000,6.61756E-11
130333-0-0,[1- 3- 0- 3- 3- 3- 0- 0- 0- 0- 0- 0- 0],[576000- 1804800- 0- 1804800- 1804800- 1804800- 0- 0- 0- 0- 0- 0- 0],[1- 3- 0- 3- 3- 3- 0- 0],[576000- 1804800- 0- 1804800- 1804800- 1804800- 0- 0],57.5070787061249,1691.37314035169,659131000000,8.72468E-11
310330-3-0,[3- 1- 0- 3- 3- 0- 3- 0- 0- 0- 0- 0- 0],[1804800- 576000- 0- 1804800- 1804800- 0- 0- 0- 0- 0- 0- 0- 0],[3- 1- 0- 3- 3- 0- 3- 0],[1804800- 576000- 0- 1804800- 1804800- 0- 2208000- 0],51.7596710203295,1536.76814563853,647698000000,7.99133E-11
203110-1-0,[2- 0- 3- 1- 1- 0- 1- 0- 0- 0- 0- 0- 0],[1363200- 0- 1804800- 576000- 576000- 0- 0- 0- 0- 0- 0- 0- 0],[2- 0- 3- 1- 1- 0- 1- 0],[1363200- 0- 1804800- 576000- 576000- 0- 652800- 0],31.3934447994613,958.812485398494,341309000000,9.19795E-11
002102-3-1,[0- 0- 2- 1- 0- 2- 3- 0- 0- 1- 0- 0- 0],[0- 0- 1363200- 576000- 0- 1363200- 0- 0- 0- 806400- 0- 0- 0],[0- 0- 2- 1- 0- 2- 3- 1],[0- 0- 1363200- 576000- 0- 1363200- 2208000- 806400],76.0798450282377,2213.36217229475,1015320000000,7.49319E-11
210032-2-1,[2- 1- 0- 0- 3- 2- 2- 0- 0- 1- 0- 0- 0],[1363200- 576000- 0- 0- 1804800- 1363200- 0- 0- 0- 806400- 0- 0- 0],[2- 1- 0- 0- 3- 2- 2- 1],[1363200- 576000- 0- 0- 1804800- 1363200- 1478400- 806400],67.2323504939425,1961.74043516125,1025160000000,6.55823E-11
201120-0-2,[2- 0- 1- 1- 2- 0- 0- 0- 0- 2- 0- 0- 0],[1363200- 0- 576000- 576000- 1363200- 0- 0- 0- 0- 1766400- 0- 0- 0],[2- 0- 1- 1- 2- 0- 0- 2],[1363200- 0- 576000- 576000- 1363200- 0- 0- 1766400],54.4639625494408,1595.56845470602,659458000000,8.2589E-11
233220-2-3,[2- 3- 3- 2- 2- 0- 2- 0- 0- 3- 0- 0- 0],[1363200- 1804800- 1804800- 1363200- 1363200- 0- 0- 0- 0- 2400000- 0- 0- 0],[2- 3- 3- 2- 2- 0- 2- 3],[1363200- 1804800- 1804800- 1363200- 1363200- 0- 1478400- 2400000],83.7034659994173,2395.2012575701,1150120000000,7.2778E-11
231002-0-2,[2- 3- 1- 0- 0- 2- 0- 0- 0- 2- 0- 0- 0],[1363200- 1804800- 576000- 0- 0- 1363200- 0- 0- 0- 1766400- 0- 0- 0],[2- 3- 1- 0- 0- 2- 0- 2],[1363200- 1804800- 576000- 0- 0- 1363200- 0- 1766400],65.1406964237598,1890.11845638514,887229000000,7.34204E-11
030330-3-0,[0- 3- 0- 3- 3- 0- 3- 0- 0- 0- 0- 0- 0],[0- 1804800- 0- 1804800- 1804800- 0- 0- 0- 0- 0- 0- 0- 0],[0- 3- 0- 3- 3- 0- 3- 0],[0- 1804800- 0- 1804800- 1804800- 0- 2208000- 0],50.8317348445158,1493.90192542791,596880000000,8.51624E-11
133012-3-3,[1- 3- 3- 0- 1- 2- 3- 0- 0- 3- 0- 0- 0],[576000- 1804800- 1804800- 0- 576000- 1363200- 0- 0- 0- 2400000- 0- 0- 0],[1- 3- 3- 0- 1- 2- 3- 3],[576000- 1804800- 1804800- 0- 576000- 1363200- 2208000- 2400000],95.6220428328611,2705.469220067,1401550000000,6.82259E-11
321323-0-1,[3- 2- 1- 3- 2- 3- 0- 0- 0- 1- 0- 0- 0],[1804800- 1363200- 576000- 1804800- 1363200- 1804800- 0- 0- 0- 806400- 0- 0- 0],[3- 2- 1- 3- 2- 3- 0- 1],[1804800- 1363200- 576000- 1804800- 1363200- 1804800- 0- 806400],62.5618690617415,1824.05256420031,907657000000,6.89268E-11
203332-2-2,[2- 0- 3- 3- 3- 2- 2- 0- 0- 2- 0- 0- 0],[1363200- 0- 1804800- 1804800- 1804800- 1363200- 0- 0- 0- 1766400- 0- 0- 0],[2- 0- 3- 3- 3- 2- 2- 2],[1363200- 0- 1804800- 1804800- 1804800- 1363200- 1478400- 1766400],91.4259968153942,2597.60556727538,1406680000000,6.49942E-11
020230-3-3,[0- 2- 0- 2- 3- 0- 3- 0- 0- 3- 0- 0- 0],[0- 1363200- 0- 1363200- 1804800- 0- 0- 0- 0- 2400000- 0- 0- 0],[0- 2- 0- 2- 3- 0- 3- 3],[0- 1363200- 0- 1363200- 1804800- 0- 2208000- 2400000],75.2120882234259,2174.51505890649,979660000000,7.67737E-11
123032-0-0,[1- 2- 3- 0- 3- 2- 0- 0- 0- 0- 0- 0- 0],[576000- 1363200- 1804800- 0- 1804800- 1363200- 0- 0- 0- 0- 0- 0- 0],[1- 2- 3- 0- 3- 2- 0- 0],[576000- 1363200- 1804800- 0- 1804800- 1363200- 0- 0],39.9085203282099,1189.67688769923,490700000000,8.13298E-11
112000-1-1,[1- 1- 2- 0- 0- 0- 1- 0- 0- 1- 0- 0- 0],[576000- 576000- 1363200- 0- 0- 0- 0- 0- 0- 806400- 0- 0- 0],[1- 1- 2- 0- 0- 0- 1- 1],[576000- 576000- 1363200- 0- 0- 0- 652800- 806400],37.8409560260374,1143.71525504781,513470000000,7.36965E-11
233223-1-3,[2- 3- 3- 2- 2- 3- 1- 0- 0- 3- 0- 0- 0],[1363200- 1804800- 1804800- 1363200- 1363200- 1804800- 0- 0- 0- 2400000- 0- 0- 0],[2- 3- 3- 2- 2- 3- 1- 3],[1363200- 1804800- 1804800- 1363200- 1363200- 1804800- 652800- 2400000],97.3671383278909,2744.37057995681,1365030000000,7.13297E-11
201011-3-1,[2- 0- 1- 0- 1- 1- 3- 0- 0- 1- 0- 0- 0],[1363200- 0- 576000- 0- 576000- 576000- 0- 0- 0- 806400- 0- 0- 0],[2- 0- 1- 0- 1- 1- 3- 1],[1363200- 0- 576000- 0- 576000- 576000- 2208000- 806400],67.8209046191028,1972.82179667341,875436000000,7.7471E-11
023023-2-2,[0- 2- 3- 0- 2- 3- 2- 0- 0- 2- 0- 0- 0],[0- 1363200- 1804800- 0- 1363200- 1804800- 0- 0- 0- 1766400- 0- 0- 0],[0- 2- 3- 0- 2- 3- 2- 2],[0- 1363200- 1804800- 0- 1363200- 1804800- 1478400- 1766400],94.0135655715655,2669.4366634626,1350220000000,6.96283E-11
110203-3-1,[1- 1- 0- 2- 0- 3- 3- 0- 0- 1- 0- 0- 0],[576000- 576000- 0- 1363200- 0- 1804800- 0- 0- 0- 806400- 0- 0- 0],[1- 1- 0- 2- 0- 3- 3- 1],[576000- 576000- 0- 1363200- 0- 1804800- 2208000- 806400],74.9403190398345,2164.65930622075,1087320000000,6.8922E-11
123013-0-2,[1- 2- 3- 0- 1- 3- 0- 0- 0- 2- 0- 0- 0],[576000- 1363200- 1804800- 0- 576000- 1804800- 0- 0- 0- 1766400- 0- 0- 0],[1- 2- 3- 0- 1- 3- 0- 2],[576000- 1363200- 1804800- 0- 576000- 1804800- 0- 1766400],79.8767027494463,2271.85489367355,1075840000000,7.42459E-11
030013-2-3,[0- 3- 0- 0- 1- 3- 2- 0- 0- 3- 0- 0- 0],[0- 1804800- 0- 0- 576000- 1804800- 0- 0- 0- 2400000- 0- 0- 0],[0- 3- 0- 0- 1- 3- 2- 3],[0- 1804800- 0- 0- 576000- 1804800- 1478400- 2400000],89.776899533513,2560.24579498843,1243600000000,7.21911E-11
211233-3-3,[2- 1- 1- 2- 3- 3- 3- 0- 0- 3- 0- 0- 0],[1363200- 576000- 576000- 1363200- 1804800- 1804800- 0- 0- 0- 2400000- 0- 0- 0],[2- 1- 1- 2- 3- 3- 3- 3],[1363200- 576000- 576000- 1363200- 1804800- 1804800- 2208000- 2400000],99.8453916327805,2809.63237033538,1531480000000,6.51954E-11
312133-1-0,[3- 1- 2- 1- 3- 3- 1- 0- 0- 0- 0- 0- 0],[1804800- 576000- 1363200- 576000- 1804800- 1804800- 0- 0- 0- 0- 0- 0- 0],[3- 1- 2- 1- 3- 3- 1- 0],[1804800- 576000- 1363200- 576000- 1804800- 1804800- 652800- 0],71.0356581632197,2054.13542328703,975387000000,7.28282E-11
103011-3-0,[1- 0- 3- 0- 1- 1- 3- 0- 0- 0- 0- 0- 0],[576000- 0- 1804800- 0- 576000- 576000- 0- 0- 0- 0- 0- 0- 0],[1- 0- 3- 0- 1- 1- 3- 0],[576000- 0- 1804800- 0- 576000- 576000- 2208000- 0],57.5176175818552,1676.45729857417,677999000000,8.48344E-11
331013-1-1,[3- 3- 1- 0- 1- 3- 1- 0- 0- 1- 0- 0- 0],[1804800- 1804800- 576000- 0- 576000- 1804800- 0- 0- 0- 806400- 0- 0- 0],[3- 3- 1- 0- 1- 3- 1- 1],[1804800- 1804800- 576000- 0- 576000- 1804800- 652800- 806400],72.6506326213233,2104.20806449202,1069900000000,6.79041E-11
232202-1-2,[2- 3- 2- 2- 0- 2- 1- 0- 0- 2- 0- 0- 0],[1363200- 1804800- 1363200- 1363200- 0- 1363200- 0- 0- 0- 1766400- 0- 0- 0],[2- 3- 2- 2- 0- 2- 1- 2],[1363200- 1804800- 1363200- 1363200- 0- 1363200- 652800- 1766400],78.5356318543746,2257.44999428932,1172800000000,6.69642E-11
122020-2-1,[1- 2- 2- 0- 2- 0- 2- 0- 0- 1- 0- 0- 0],[576000- 1363200- 1363200- 0- 1363200- 0- 0- 0- 0- 806400- 0- 0- 0],[1- 2- 2- 0- 2- 0- 2- 1],[576000- 1363200- 1363200- 0- 1363200- 0- 1478400- 806400],56.5693073110482,1671.00786549145,806364000000,7.01536E-11
002101-2-2,[0- 0- 2- 1- 0- 1- 2- 0- 0- 2- 0- 0- 0],[0- 0- 1363200- 576000- 0- 576000- 0- 0- 0- 1766400- 0- 0- 0],[0- 0- 2- 1- 0- 1- 2- 2],[0- 0- 1363200- 576000- 0- 576000- 1478400- 1766400],73.251940060295,2114.06166031722,1024450000000,7.15037E-11
222311-2-1,[2- 2- 2- 3- 1- 1- 2- 0- 0- 1- 0- 0- 0],[1363200- 1363200- 1363200- 1804800- 576000- 576000- 0- 0- 0- 806400- 0- 0- 0],[2- 2- 2- 3- 1- 1- 2- 1],[1363200- 1363200- 1363200- 1804800- 576000- 576000- 1478400- 806400],58.7321270588738,1698.79681728492,887255000000,6.61953E-11
122222-1-1,[1- 2- 2- 2- 2- 2- 1- 0- 0- 1- 0- 0- 0],[576000- 1363200- 1363200- 1363200- 1363200- 1363200- 0- 0- 0- 806400- 0- 0- 0],[1- 2- 2- 2- 2- 2- 1- 1],[576000- 1363200- 1363200- 1363200- 1363200- 1363200- 652800- 806400],55.7442277111113,1628.13950567142,982802000000,5.67197E-11
302310-0-3,[3- 0- 2- 3- 1- 0- 0- 0- 0- 3- 0- 0- 0],[1804800- 0- 1363200- 1804800- 576000- 0- 0- 0- 0- 2400000- 0- 0- 0],[3- 0- 2- 3- 1- 0- 0- 3],[1804800- 0- 1363200- 1804800- 576000- 0- 0- 2400000],73.6624240556838,2147.3759794993,778591000000,9.46099E-11
100023-2-1,[1- 0- 0- 0- 2- 3- 2- 0- 0- 1- 0- 0- 0],[576000- 0- 0- 0- 1363200- 1804800- 0- 0- 0- 806400- 0- 0- 0],[1- 0- 0- 0- 2- 3- 2- 1],[576000- 0- 0- 0- 1363200- 1804800- 1478400- 806400],75.6622282738419,2187.16362546056,1020690000000,7.41285E-11
223101-2-3,[2- 2- 3- 1- 0- 1- 2- 0- 0- 3- 0- 0- 0],[1363200- 1363200- 1804800- 576000- 0- 576000- 0- 0- 0- 2400000- 0- 0- 0],[2- 2- 3- 1- 0- 1- 2- 3],[1363200- 1363200- 1804800- 576000- 0- 576000- 1478400- 2400000],93.4131245697236,2644.5999677679,1190120000000,7.84905E-11
102113-3-1,[1- 0- 2- 1- 1- 3- 3- 0- 0- 1- 0- 0- 0],[576000- 0- 1363200- 576000- 576000- 1804800- 0- 0- 0- 806400- 0- 0- 0],[1- 0- 2- 1- 1- 3- 3- 1],[576000- 0- 1363200- 576000- 576000- 1804800- 2208000- 806400],86.641218027865,2474.78413671184,1231560000000,7.03508E-11
210110-3-1,[2- 1- 0- 1- 1- 0- 3- 0- 0- 1- 0- 0- 0],[1363200- 576000- 0- 576000- 576000- 0- 0- 0- 0- 806400- 0- 0- 0],[2- 1- 0- 1- 1- 0- 3- 1],[1363200- 576000- 0- 576000- 576000- 0- 2208000- 806400],69.8226407220911,2034.82765363686,879587000000,7.93812E-11
133120-3-1,[1- 3- 3- 1- 2- 0- 3- 0- 0- 1- 0- 0- 0],[576000- 1804800- 1804800- 576000- 1363200- 0- 0- 0- 0- 806400- 0- 0- 0],[1- 3- 3- 1- 2- 0- 3- 1],[576000- 1804800- 1804800- 576000- 1363200- 0- 2208000- 806400],72.5120663430038,2108.67013761083,946532000000,7.66082E-11
220110-2-0,[2- 2- 0- 1- 1- 0- 2- 0- 0- 0- 0- 0- 0],[1363200- 1363200- 0- 576000- 576000- 0- 0- 0- 0- 0- 0- 0- 0],[2- 2- 0- 1- 1- 0- 2- 0],[1363200- 1363200- 0- 576000- 576000- 0- 1478400- 0],42.6214864172658,1285.32355317926,576130000000,7.39789E-11
000022-2-2,[0- 0- 0- 0- 2- 2- 2- 0- 0- 2- 0- 0- 0],[0- 0- 0- 0- 1363200- 1363200- 0- 0- 0- 1766400- 0- 0- 0],[0- 0- 0- 0- 2- 2- 2- 2],[0- 0- 0- 0- 1363200- 1363200- 1478400- 1766400],76.4971891147909,2215.38655995498,1092470000000,7.00222E-11
331011-1-0,[3- 3- 1- 0- 1- 1- 1- 0- 0- 0- 0- 0- 0],[1804800- 1804800- 576000- 0- 576000- 576000- 0- 0- 0- 0- 0- 0- 0],[3- 3- 1- 0- 1- 1- 1- 0],[1804800- 1804800- 576000- 0- 576000- 576000- 652800- 0],33.4260041380091,1005.8580069447,385489000000,8.67107E-11
313120-1-0,[3- 1- 3- 1- 2- 0- 1- 0- 0- 0- 0- 0- 0],[1804800- 576000- 1804800- 576000- 1363200- 0- 0- 0- 0- 0- 0- 0- 0],[3- 1- 3- 1- 2- 0- 1- 0],[1804800- 576000- 1804800- 576000- 1363200- 0- 652800- 0],32.0011057465816,963.491545911804,385750000000,8.29581E-11
033323-1-0,[0- 3- 3- 3- 2- 3- 1- 0- 0- 0- 0- 0- 0],[0- 1804800- 1804800- 1804800- 1363200- 1804800- 0- 0- 0- 0- 0- 0- 0],[0- 3- 3- 3- 2- 3- 1- 0],[0- 1804800- 1804800- 1804800- 1363200- 1804800- 652800- 0],62.5543914533039,1833.75082428562,839388000000,7.45238E-11
203132-1-0,[2- 0- 3- 1- 3- 2- 1- 0- 0- 0- 0- 0- 0],[1363200- 0- 1804800- 576000- 1804800- 1363200- 0- 0- 0- 0- 0- 0- 0],[2- 0- 3- 1- 3- 2- 1- 0],[1363200- 0- 1804800- 576000- 1804800- 1363200- 652800- 0],44.0672441700072,1321.8612944609,668521000000,6.59175E-11
011221-2-1,[0- 1- 1- 2- 2- 1- 2- 0- 0- 1- 0- 0- 0],[0- 576000- 576000- 1363200- 1363200- 576000- 0- 0- 0- 806400- 0- 0- 0],[0- 1- 1- 2- 2- 1- 2- 1],[0- 576000- 576000- 1363200- 1363200- 576000- 1478400- 806400],54.9134481539672,1617.61572019261,819865000000,6.69786E-11
310331-2-0,[3- 1- 0- 3- 3- 1- 2- 0- 0- 0- 0- 0- 0],[1804800- 576000- 0- 1804800- 1804800- 576000- 0- 0- 0- 0- 0- 0- 0],[3- 1- 0- 3- 3- 1- 2- 0],[1804800- 576000- 0- 1804800- 1804800- 576000- 1478400- 0],44.3851855395692,1323.94006135988,621300000000,7.14392E-11
213313-3-2,[2- 1- 3- 3- 1- 3- 3- 0- 0- 2- 0- 0- 0],[1363200- 576000- 1804800- 1804800- 576000- 1804800- 0- 0- 0- 1766400- 0- 0- 0],[2- 1- 3- 3- 1- 3- 3- 2],[1363200- 576000- 1804800- 1804800- 576000- 1804800- 2208000- 1766400],112.252246650916,3114.47717676695,1644520000000,6.82584E-11
331213-0-3,[3- 3- 1- 2- 1- 3- 0- 0- 0- 3- 0- 0- 0],[1804800- 1804800- 576000- 1363200- 576000- 1804800- 0- 0- 0- 2400000- 0- 0- 0],[3- 3- 1- 2- 1- 3- 0- 3],[1804800- 1804800- 576000- 1363200- 576000- 1804800- 0- 2400000],89.0597439439495,2528.0126146004,1209910000000,7.36086E-11
130100-1-3,[1- 3- 0- 1- 0- 0- 1- 0- 0- 3- 0- 0- 0],[576000- 1804800- 0- 576000- 0- 0- 0- 0- 0- 2400000- 0- 0- 0],[1- 3- 0- 1- 0- 0- 1- 3],[576000- 1804800- 0- 576000- 0- 0- 652800- 2400000],77.6226342959476,2245.57120948842,870626000000,8.91573E-11
120131-2-0,[1- 2- 0- 1- 3- 1- 2- 0- 0- 0- 0- 0- 0],[576000- 1363200- 0- 576000- 1804800- 576000- 0- 0- 0- 0- 0- 0- 0],[1- 2- 0- 1- 3- 1- 2- 0],[576000- 1363200- 0- 576000- 1804800- 576000- 1478400- 0],45.342545639677,1346.25144155264,622642000000,7.28228E-11
022011-1-0,[0- 2- 2- 0- 1- 1- 1- 0- 0- 0- 0- 0- 0],[0- 1363200- 1363200- 0- 576000- 576000- 0- 0- 0- 0- 0- 0- 0],[0- 2- 2- 0- 1- 1- 1- 0],[0- 1363200- 1363200- 0- 576000- 576000- 652800- 0],31.3418994560934,936.950973087085,341243000000,9.18463E-11
100221-3-1,[1- 0- 0- 2- 2- 1- 3- 0- 0- 1- 0- 0- 0],[576000- 0- 0- 1363200- 1363200- 576000- 0- 0- 0- 806400- 0- 0- 0],[1- 0- 0- 2- 2- 1- 3- 1],[576000- 0- 0- 1363200- 1363200- 576000- 2208000- 806400],80.0526614822044,2308.23710094083,929019000000,8.6169E-11
020100-0-0,[0- 2- 0- 1- 0- 0- 0- 0- 0- 0- 0- 0- 0],[0- 1363200- 0- 576000- 0- 0- 0- 0- 0- 0- 0- 0- 0],[0- 2- 0- 1- 0- 0- 0- 0],[0- 1363200- 0- 576000- 0- 0- 0- 0],23.5175293800191,721.862597545539,77422300000,3.03757E-10
312302-3-0,[3- 1- 2- 3- 0- 2- 3- 0- 0- 0- 0- 0- 0],[1804800- 576000- 1363200- 1804800- 0- 1363200- 0- 0- 0- 0- 0- 0- 0],[3- 1- 2- 3- 0- 2- 3- 0],[1804800- 576000- 1363200- 1804800- 0- 1363200- 2208000- 0],76.6951102201836,2208.61867204852,1047870000000,7.31914E-11
323322-3-0,[3- 2- 3- 3- 2- 2- 3- 0- 0- 0- 0- 0- 0],[1804800- 1363200- 1804800- 1804800- 1363200- 1363200- 0- 0- 0- 0- 0- 0- 0],[3- 2- 3- 3- 2- 2- 3- 0],[1804800- 1363200- 1804800- 1804800- 1363200- 1363200- 2208000- 0],71.5079965571832,2086.15882477151,1103560000000,6.47976E-11
220023-2-1,[2- 2- 0- 0- 2- 3- 2- 0- 0- 1- 0- 0- 0],[1363200- 1363200- 0- 0- 1363200- 1804800- 0- 0- 0- 806400- 0- 0- 0],[2- 2- 0- 0- 2- 3- 2- 1],[1363200- 1363200- 0- 0- 1363200- 1804800- 1478400- 806400],84.777250997072,2431.20599679527,1167130000000,7.26374E-11
203300-2-2,[2- 0- 3- 3- 0- 0- 2- 0- 0- 2- 0- 0- 0],[1363200- 0- 1804800- 1804800- 0- 0- 0- 0- 0- 1766400- 0- 0- 0],[2- 0- 3- 3- 0- 0- 2- 2],[1363200- 0- 1804800- 1804800- 0- 0- 1478400- 1766400],72.5489714103032,2093.64289518736,1013330000000,7.15946E-11
322032-2-0,[3- 2- 2- 0- 3- 2- 2- 0- 0- 0- 0- 0- 0],[1804800- 1363200- 1363200- 0- 1804800- 1363200- 0- 0- 0- 0- 0- 0- 0],[3- 2- 2- 0- 3- 2- 2- 0],[1804800- 1363200- 1363200- 0- 1804800- 1363200- 1478400- 0],58.262720853322,1699.8367445321,904706000000,6.43996E-11
220322-3-2,[2- 2- 0- 3- 2- 2- 3- 0- 0- 2- 0- 0- 0],[1363200- 1363200- 0- 1804800- 1363200- 1363200- 0- 0- 0- 1766400- 0- 0- 0],[2- 2- 0- 3- 2- 2- 3- 2],[1363200- 1363200- 0- 1804800- 1363200- 1363200- 2208000- 1766400],98.0625210176743,2763.71855167368,1450630000000,6.76E-11
000111-3-0,[0- 0- 0- 1- 1- 1- 3- 0- 0- 0- 0- 0- 0],[0- 0- 0- 576000- 576000- 576000- 0- 0- 0- 0- 0- 0- 0],[0- 0- 0- 1- 1- 1- 3- 0],[0- 0- 0- 576000- 576000- 576000- 2208000- 0],49.4404352153497,1461.27237567664,595040000000,8.30876E-11
312001-2-2,[3- 1- 2- 0- 0- 1- 2- 0- 0- 2- 0- 0- 0],[1804800- 576000- 1363200- 0- 0- 576000- 0- 0- 0- 1766400- 0- 0- 0],[3- 1- 2- 0- 0- 1- 2- 2],[1804800- 576000- 1363200- 0- 0- 576000- 1478400- 1766400],74.8645087621987,2151.39161574162,1075050000000,6.96382E-11
010120-2-1,[0- 1- 0- 1- 2- 0- 2- 0- 0- 1- 0- 0- 0],[0- 576000- 0- 576000- 1363200- 0- 0- 0- 0- 806400- 0- 0- 0],[0- 1- 0- 1- 2- 0- 2- 1],[0- 576000- 0- 576000- 1363200- 0- 1478400- 806400],55.3938120911074,1629.50810378061,747522000000,7.41033E-11
331232-0-0,[3- 3- 1- 2- 3- 2- 0- 0- 0- 0- 0- 0- 0],[1804800- 1804800- 576000- 1363200- 1804800- 1363200- 0- 0- 0- 0- 0- 0- 0],[3- 3- 1- 2- 3- 2- 0- 0],[1804800- 1804800- 576000- 1363200- 1804800- 1363200- 0- 0],41.4528641815209,1242.26425895776,591275000000,7.01076E-11
300313-3-2,[3- 0- 0- 3- 1- 3- 3- 0- 0- 2- 0- 0- 0],[1804800- 0- 0- 1804800- 576000- 1804800- 0- 0- 0- 1766400- 0- 0- 0],[3- 0- 0- 3- 1- 3- 3- 2],[1804800- 0- 0- 1804800- 576000- 1804800- 2208000- 1766400],100.311184339352,2831.19713307578,1386980000000,7.23235E-11
212212-0-3,[2- 1- 2- 2- 1- 2- 0- 0- 0- 3- 0- 0- 0],[1363200- 576000- 1363200- 1363200- 576000- 1363200- 0- 0- 0- 2400000- 0- 0- 0],[2- 1- 2- 2- 1- 2- 0- 3],[1363200- 576000- 1363200- 1363200- 576000- 1363200- 0- 2400000],77.6487009668172,2228.22857493385,1127120000000,6.88912E-11
000200-2-1,[0- 0- 0- 2- 0- 0- 2- 0- 0- 1- 0- 0- 0],[0- 0- 0- 1363200- 0- 0- 0- 0- 0- 806400- 0- 0- 0],[0- 0- 0- 2- 0- 0- 2- 1],[0- 0- 0- 1363200- 0- 0- 1478400- 806400],53.677951058628,1581.42701475316,645068000000,8.32129E-11
331300-1-1,[3- 3- 1- 3- 0- 0- 1- 0- 0- 1- 0- 0- 0],[1804800- 1804800- 576000- 1804800- 0- 0- 0- 0- 0- 806400- 0- 0- 0],[3- 3- 1- 3- 0- 0- 1- 1],[1804800- 1804800- 576000- 1804800- 0- 0- 652800- 806400],39.9195324609141,1191.49828374389,562703000000,7.09425E-11
320030-0-1,[3- 2- 0- 0- 3- 0- 0- 0- 0- 1- 0- 0- 0],[1804800- 1363200- 0- 0- 1804800- 0- 0- 0- 0- 806400- 0- 0- 0],[3- 2- 0- 0- 3- 0- 0- 1],[1804800- 1363200- 0- 0- 1804800- 0- 0- 806400],33.4145827544387,999.81415357544,341795000000,9.77621E-11
211113-2-0,[2- 1- 1- 1- 1- 3- 2- 0- 0- 0- 0- 0- 0],[1363200- 576000- 576000- 576000- 576000- 1804800- 0- 0- 0- 0- 0- 0- 0],[2- 1- 1- 1- 1- 3- 2- 0],[1363200- 576000- 576000- 576000- 576000- 1804800- 1478400- 0],83.103378159748,2393.38185596364,1195420000000,6.95181E-11
230010-0-3,[2- 3- 0- 0- 1- 0- 0- 0- 0- 3- 0- 0- 0],[1363200- 1804800- 0- 0- 576000- 0- 0- 0- 0- 2400000- 0- 0- 0],[2- 3- 0- 0- 1- 0- 0- 3],[1363200- 1804800- 0- 0- 576000- 0- 0- 2400000],62.4324044343125,1825.30556607721,676237000000,9.23233E-11
110030-1-2,[1- 1- 0- 0- 3- 0- 1- 0- 0- 2- 0- 0- 0],[576000- 576000- 0- 0- 1804800- 0- 0- 0- 0- 1766400- 0- 0- 0],[1- 1- 0- 0- 3- 0- 1- 2],[576000- 576000- 0- 0- 1804800- 0- 652800- 1766400],62.4755025899128,1812.43557287185,792459000000,7.88375E-11
311112-3-0,[3- 1- 1- 1- 1- 2- 3- 0- 0- 0- 0- 0- 0],[1804800- 576000- 576000- 576000- 576000- 1363200- 0- 0- 0- 0- 0- 0- 0],[3- 1- 1- 1- 1- 2- 3- 0],[1804800- 576000- 576000- 576000- 576000- 1363200- 2208000- 0],68.8022036229322,2008.42150009888,1089440000000,6.31537E-11
211312-3-2,[2- 1- 1- 3- 1- 2- 3- 0- 0- 2- 0- 0- 0],[1363200- 576000- 576000- 1804800- 576000- 1363200- 0- 0- 0- 1766400- 0- 0- 0],[2- 1- 1- 3- 1- 2- 3- 2],[1363200- 576000- 576000- 1804800- 576000- 1363200- 2208000- 1766400],95.9288937521245,2702.35223678427,1496100000000,6.41193E-11
230102-0-1,[2- 3- 0- 1- 0- 2- 0- 0- 0- 1- 0- 0- 0],[1363200- 1804800- 0- 576000- 0- 1363200- 0- 0- 0- 806400- 0- 0- 0],[2- 3- 0- 1- 0- 2- 0- 1],[1363200- 1804800- 0- 576000- 0- 1363200- 0- 806400],43.9976841972795,1326.19698498,616183000000,7.14036E-11
231030-3-2,[2- 3- 1- 0- 3- 0- 3- 0- 0- 2- 0- 0- 0],[1363200- 1804800- 576000- 0- 1804800- 0- 0- 0- 0- 1766400- 0- 0- 0],[2- 3- 1- 0- 3- 0- 3- 2],[1363200- 1804800- 576000- 0- 1804800- 0- 2208000- 1766400],82.3838251863148,2357.57116283977,1115930000000,7.38253E-11
232011-1-1,[2- 3- 2- 0- 1- 1- 1- 0- 0- 1- 0- 0- 0],[1363200- 1804800- 1363200- 0- 576000- 576000- 0- 0- 0- 806400- 0- 0- 0],[2- 3- 2- 0- 1- 1- 1- 1],[1363200- 1804800- 1363200- 0- 576000- 576000- 652800- 806400],41.794008855435,1238.95092696265,609225000000,6.86019E-11
303320-3-0,[3- 0- 3- 3- 2- 0- 3- 0- 0- 0- 0- 0- 0],[1804800- 0- 1804800- 1804800- 1363200- 0- 0- 0- 0- 0- 0- 0- 0],[3- 0- 3- 3- 2- 0- 3- 0],[1804800- 0- 1804800- 1804800- 1363200- 0- 2208000- 0],55.1955872410731,1609.20385279534,666775000000,8.27799E-11
130120-1-2,[1- 3- 0- 1- 2- 0- 1- 0- 0- 2- 0- 0- 0],[576000- 1804800- 0- 576000- 1363200- 0- 0- 0- 0- 1766400- 0- 0- 0],[1- 3- 0- 1- 2- 0- 1- 2],[576000- 1804800- 0- 576000- 1363200- 0- 652800- 1766400],63.3971718133292,1848.82938487331,841747000000,7.53162E-11
310221-1-2,[3- 1- 0- 2- 2- 1- 1- 0- 0- 2- 0- 0- 0],[1804800- 576000- 0- 1363200- 1363200- 576000- 0- 0- 0- 1766400- 0- 0- 0],[3- 1- 0- 2- 2- 1- 1- 2],[1804800- 576000- 0- 1363200- 1363200- 576000- 652800- 1766400],65.5557580165811,1906.30074367027,890469000000,7.36194E-11
223111-1-3,[2- 2- 3- 1- 1- 1- 1- 0- 0- 3- 0- 0- 0],[1363200- 1363200- 1804800- 576000- 576000- 576000- 0- 0- 0- 2400000- 0- 0- 0],[2- 2- 3- 1- 1- 1- 1- 3],[1363200- 1363200- 1804800- 576000- 576000- 576000- 652800- 2400000],70.9803740450458,2036.14664936197,938774000000,7.56097E-11
132020-2-0,[1- 3- 2- 0- 2- 0- 2- 0- 0- 0- 0- 0- 0],[576000- 1804800- 1363200- 0- 1363200- 0- 0- 0- 0- 0- 0- 0- 0],[1- 3- 2- 0- 2- 0- 2- 0],[576000- 1804800- 1363200- 0- 1363200- 0- 1478400- 0],45.3072604814401,1331.87814430662,575478000000,7.87298E-11
221303-0-2,[2- 2- 1- 3- 0- 3- 0- 0- 0- 2- 0- 0- 0],[1363200- 1363200- 576000- 1804800- 0- 1804800- 0- 0- 0- 1766400- 0- 0- 0],[2- 2- 1- 3- 0- 3- 0- 2],[1363200- 1363200- 576000- 1804800- 0- 1804800- 0- 1766400],75.8036384393518,2191.79500900324,1038170000000,7.30166E-11
300010-0-1,[3- 0- 0- 0- 1- 0- 0- 0- 0- 1- 0- 0- 0],[1804800- 0- 0- 0- 576000- 0- 0- 0- 0- 806400- 0- 0- 0],[3- 0- 0- 0- 1- 0- 0- 1],[1804800- 0- 0- 0- 576000- 0- 0- 806400],32.1912867561494,975.724684697627,296221000000,1.08673E-10
223132-3-1,[2- 2- 3- 1- 3- 2- 3- 0- 0- 1- 0- 0- 0],[1363200- 1363200- 1804800- 576000- 1804800- 1363200- 0- 0- 0- 806400- 0- 0- 0],[2- 2- 3- 1- 3- 2- 3- 1],[1363200- 1363200- 1804800- 576000- 1804800- 1363200- 2208000- 806400],79.3720923830505,2267.3604267642,1253340000000,6.33285E-11
232302-1-2,[2- 3- 2- 3- 0- 2- 1- 0- 0- 2- 0- 0- 0],[1363200- 1804800- 1363200- 1804800- 0- 1363200- 0- 0- 0- 1766400- 0- 0- 0],[2- 3- 2- 3- 0- 2- 1- 2],[1363200- 1804800- 1363200- 1804800- 0- 1363200- 652800- 1766400],75.2161891555095,2161.20447880785,1098030000000,6.8501E-11
203231-0-3,[2- 0- 3- 2- 3- 1- 0- 0- 0- 3- 0- 0- 0],[1363200- 0- 1804800- 1363200- 1804800- 576000- 0- 0- 0- 2400000- 0- 0- 0],[2- 0- 3- 2- 3- 1- 0- 3],[1363200- 0- 1804800- 1363200- 1804800- 576000- 0- 2400000],58.0655432702143,1703.88744116384,702004000000,8.2714E-11
220021-0-2,[2- 2- 0- 0- 2- 1- 0- 0- 0- 2- 0- 0- 0],[1363200- 1363200- 0- 0- 1363200- 576000- 0- 0- 0- 1766400- 0- 0- 0],[2- 2- 0- 0- 2- 1- 0- 2],[1363200- 1363200- 0- 0- 1363200- 576000- 0- 1766400],56.004272107212,1630.6115263799,659934000000,8.48634E-11
103011-1-2,[1- 0- 3- 0- 1- 1- 1- 0- 0- 2- 0- 0- 0],[576000- 0- 1804800- 0- 576000- 576000- 0- 0- 0- 1766400- 0- 0- 0],[1- 0- 3- 0- 1- 1- 1- 2],[576000- 0- 1804800- 0- 576000- 576000- 652800- 1766400],64.7867353921133,1887.8542751839,836960000000,7.74072E-11
003021-2-2,[0- 0- 3- 0- 2- 1- 2- 0- 0- 2- 0- 0- 0],[0- 0- 1804800- 0- 1363200- 576000- 0- 0- 0- 1766400- 0- 0- 0],[0- 0- 3- 0- 2- 1- 2- 2],[0- 0- 1804800- 0- 1363200- 576000- 1478400- 1766400],73.393325791739,2108.3343497435,995211000000,7.37465E-11
031210-2-1,[0- 3- 1- 2- 1- 0- 2- 0- 0- 1- 0- 0- 0],[0- 1804800- 576000- 1363200- 576000- 0- 0- 0- 0- 806400- 0- 0- 0],[0- 3- 1- 2- 1- 0- 2- 1],[0- 1804800- 576000- 1363200- 576000- 0- 1478400- 806400],57.8940253640561,1708.0342621472,795670000000,7.27614E-11
122013-2-2,[1- 2- 2- 0- 1- 3- 2- 0- 0- 2- 0- 0- 0],[576000- 1363200- 1363200- 0- 576000- 1804800- 0- 0- 0- 1766400- 0- 0- 0],[1- 2- 2- 0- 1- 3- 2- 2],[576000- 1363200- 1363200- 0- 576000- 1804800- 1478400- 1766400],75.3926735584727,2160.59171856054,1154450000000,6.53061E-11
130103-0-0,[1- 3- 0- 1- 0- 3- 0- 0- 0- 0- 0- 0- 0],[576000- 1804800- 0- 576000- 0- 1804800- 0- 0- 0- 0- 0- 0- 0],[1- 3- 0- 1- 0- 3- 0- 0],[576000- 1804800- 0- 576000- 0- 1804800- 0- 0],38.6438793260726,1149.5860113844,410896000000,9.40478E-11
031030-3-2,[0- 3- 1- 0- 3- 0- 3- 0- 0- 2- 0- 0- 0],[0- 1804800- 576000- 0- 1804800- 0- 0- 0- 0- 1766400- 0- 0- 0],[0- 3- 1- 0- 3- 0- 3- 2],[0- 1804800- 576000- 0- 1804800- 0- 2208000- 1766400],16.3307947163033,503.625203352677,116019000000,1.4076E-10
123230-1-0,[1- 2- 3- 2- 3- 0- 1- 0- 0- 0- 0- 0- 0],[576000- 1363200- 1804800- 1363200- 1804800- 0- 0- 0- 0- 0- 0- 0- 0],[1- 2- 3- 2- 3- 0- 1- 0],[576000- 1363200- 1804800- 1363200- 1804800- 0- 652800- 0],13.4893048354332,413.744361149908,75662100000,1.78284E-10
232202-0-1,[2- 3- 2- 2- 0- 2- 0- 0- 0- 1- 0- 0- 0],[1363200- 1804800- 1363200- 1363200- 0- 1363200- 0- 0- 0- 806400- 0- 0- 0],[2- 3- 2- 2- 0- 2- 0- 1],[1363200- 1804800- 1363200- 1363200- 0- 1363200- 0- 806400],18.3191369059882,558.347775598573,188126000000,9.7377E-11
310231-3-3,[3- 1- 0- 2- 3- 1- 3- 0- 0- 3- 0- 0- 0],[1804800- 576000- 0- 1363200- 1804800- 576000- 0- 0- 0- 2400000- 0- 0- 0],[3- 1- 0- 2- 3- 1- 3- 3],[1804800- 576000- 0- 1363200- 1804800- 576000- 2208000- 2400000],14.0838858431668,434.231525898343,75472200000,1.8661E-10
332330-2-3,[3- 3- 2- 3- 3- 0- 2- 0- 0- 3- 0- 0- 0],[1804800- 1804800- 1363200- 1804800- 1804800- 0- 0- 0- 0- 2400000- 0- 0- 0],[3- 3- 2- 3- 3- 0- 2- 3],[1804800- 1804800- 1363200- 1804800- 1804800- 0- 1478400- 2400000],13.9697963651223,419.523224360775,75619700000,1.84738E-10
133131-2-0,[1- 3- 3- 1- 3- 1- 2- 0- 0- 0- 0- 0- 0],[576000- 1804800- 1804800- 576000- 1804800- 576000- 0- 0- 0- 0- 0- 0- 0],[1- 3- 3- 1- 3- 1- 2- 0],[576000- 1804800- 1804800- 576000- 1804800- 576000- 1478400- 0],13.7189335182749,408.285878833296,75791800000,1.81008E-10
102010-2-3,[1- 0- 2- 0- 1- 0- 2- 0- 0- 3- 0- 0- 0],[576000- 0- 1363200- 0- 576000- 0- 0- 0- 0- 2400000- 0- 0- 0],[1- 0- 2- 0- 1- 0- 2- 3],[576000- 0- 1363200- 0- 576000- 0- 1478400- 2400000],12.9248547023353,396.064970804333,76037200000,1.69981E-10
322333-2-2,[3- 2- 2- 3- 3- 3- 2- 0- 0- 2- 0- 0- 0],[1804800- 1363200- 1363200- 1804800- 1804800- 1804800- 0- 0- 0- 1766400- 0- 0- 0],[3- 2- 2- 3- 3- 3- 2- 2],[1804800- 1363200- 1363200- 1804800- 1804800- 1804800- 1478400- 1766400],25.3623210355619,760.418445407865,250600000000,1.01206E-10
131002-2-3,[1- 3- 1- 0- 0- 2- 2- 0- 0- 3- 0- 0- 0],[576000- 1804800- 576000- 0- 0- 1363200- 0- 0- 0- 2400000- 0- 0- 0],[1- 3- 1- 0- 0- 2- 2- 3],[576000- 1804800- 576000- 0- 0- 1363200- 1478400- 2400000],18.1188341516786,550.856369056302,188485000000,9.61288E-11
321032-1-3,[3- 2- 1- 0- 3- 2- 1- 0- 0- 3- 0- 0- 0],[1804800- 1363200- 576000- 0- 1804800- 1363200- 0- 0- 0- 2400000- 0- 0- 0],[3- 2- 1- 0- 3- 2- 1- 3],[1804800- 1363200- 576000- 0- 1804800- 1363200- 652800- 2400000],17.9776183946517,547.335510357609,188372000000,9.54368E-11
032033-1-2,[0- 3- 2- 0- 3- 3- 1- 0- 0- 2- 0- 0- 0],[0- 1804800- 1363200- 0- 1804800- 1804800- 0- 0- 0- 1766400- 0- 0- 0],[0- 3- 2- 0- 3- 3- 1- 2],[0- 1804800- 1363200- 0- 1804800- 1804800- 652800- 1766400],24.5924899083227,745.507520977074,252710000000,9.73151E-11
030211-3-2,[0- 3- 0- 2- 1- 1- 3- 0- 0- 2- 0- 0- 0],[0- 1804800- 0- 1363200- 576000- 576000- 0- 0- 0- 1766400- 0- 0- 0],[0- 3- 0- 2- 1- 1- 3- 2],[0- 1804800- 0- 1363200- 576000- 576000- 2208000- 1766400],13.6504873016518,422.496232212593,75350800000,1.81159E-10
223202-3-2,[2- 2- 3- 2- 0- 2- 3- 0- 0- 2- 0- 0- 0],[1363200- 1363200- 1804800- 1363200- 0- 1363200- 0- 0- 0- 1766400- 0- 0- 0],[2- 2- 3- 2- 0- 2- 3- 2],[1363200- 1363200- 1804800- 1363200- 0- 1363200- 2208000- 1766400],17.984386490349,539.530074808529,188258000000,9.55305E-11
120330-0-0,[1- 2- 0- 3- 3- 0- 0- 0- 0- 0- 0- 0- 0],[576000- 1363200- 0- 1804800- 1804800- 0- 0- 0- 0- 0- 0- 0- 0],[1- 2- 0- 3- 3- 0- 0- 0],[576000- 1363200- 0- 1804800- 1804800- 0- 0- 0],13.8323700917135,411.984218836576,76579500000,1.80628E-10
123122-1-2,[1- 2- 3- 1- 2- 2- 1- 0- 0- 2- 0- 0- 0],[576000- 1363200- 1804800- 576000- 1363200- 1363200- 0- 0- 0- 1766400- 0- 0- 0],[1- 2- 3- 1- 2- 2- 1- 2],[576000- 1363200- 1804800- 576000- 1363200- 1363200- 652800- 1766400],17.8171709875973,544.461115773839,187451000000,9.50498E-11
021212-1-1,[0- 2- 1- 2- 1- 2- 1- 0- 0- 1- 0- 0- 0],[0- 1363200- 576000- 1363200- 576000- 1363200- 0- 0- 0- 806400- 0- 0- 0],[0- 2- 1- 2- 1- 2- 1- 1],[0- 1363200- 576000- 1363200- 576000- 1363200- 652800- 806400],17.8136328789872,547.225988212559,188320000000,9.45924E-11
303001-3-0,[3- 0- 3- 0- 0- 1- 3- 0- 0- 0- 0- 0- 0],[1804800- 0- 1804800- 0- 0- 576000- 0- 0- 0- 0- 0- 0- 0],[3- 0- 3- 0- 0- 1- 3- 0],[1804800- 0- 1804800- 0- 0- 576000- 2208000- 0],14.4399767950293,438.976034527161,76577300000,1.88567E-10
033333-0-0,[0- 3- 3- 3- 3- 3- 0- 0- 0- 0- 0- 0- 0],[0- 1804800- 1804800- 1804800- 1804800- 1804800- 0- 0- 0- 0- 0- 0- 0],[0- 3- 3- 3- 3- 3- 0- 0],[0- 1804800- 1804800- 1804800- 1804800- 1804800- 0- 0],24.0280687781385,730.411225048072,252880000000,9.50177E-11
